{
  "bottom_plate": {
    "position": {
      "x": 0.0,
      "y": 0.0,
      "z": 0.0
    },
    "rotation": {
      "x": 0,
      "y": 0,
      "z": 0
    }
  },
  "arm_front_left": {
    "position": {
      "x": -127.38883209228516,
      "y": -127.38883209228516,
      "z": 42.6147575378418
    },
    "rotation": {
      "x": 0,
      "y": 0,
      "z": 0
    }
  },
  "arm_front_right": {
    "position": {
      "x": -127.38883209228516,
      "y": 127.38883209228516,
      "z": 42.6147346496582
    },
    "rotation": {
      "x": 0,
      "y": 0,
      "z": 0
    }
  },
  "arm_rear_left": {
    "position": {
      "x": -127.38883209228516,
      "y": -127.38883209228516,
      "z": -7.424990653991699
    },
    "rotation": {
      "x": 0,
      "y": 0,
      "z": 0
    }
  },
  "arm_rear_right": {
    "position": {
      "x": -127.38883209228516,
      "y": 127.38883209228516,
      "z": -7.425009727478027
    },
    "rotation": {
      "x": 0,
      "y": 0,
      "z": 0
    }
  },
  "top_plate": {
    "position": {
      "x": 0.0,
      "y": 0.0,
      "z": 85.21951293945312
    },
    "rotation": {
      "x": 0,
      "y": 0,
      "z": 0
    }
  },
  "motor_front_left": {
    "position": {
      "x": -254.7776641845703,
      "y": -254.7776641845703,
      "z": 85.2295150756836
    },
    "rotation": {
      "x": 0,
      "y": 0,
      "z": 0
    }
  },
  "prop_front_left": {
    "position": {
      "x": -254.7776641845703,
      "y": -254.7776641845703,
      "z": 85.25951385498047
    },
    "rotation": {
      "x": 0,
      "y": 0,
      "z": 0
    }
  },
  "motor_front_right": {
    "position": {
      "x": -254.7776641845703,
      "y": 254.7776641845703,
      "z": 85.2294692993164
    },
    "rotation": {
      "x": 0,
      "y": 0,
      "z": 0
    }
  },
  "prop_front_right": {
    "position": {
      "x": -254.7776641845703,
      "y": 254.7776641845703,
      "z": 85.25946807861328
    },
    "rotation": {
      "x": 0,
      "y": 0,
      "z": 0
    }
  },
  "motor_rear_left": {
    "position": {
      "x": -254.7776641845703,
      "y": -254.7776641845703,
      "z": -14.849981307983398
    },
    "rotation": {
      "x": 0,
      "y": 0,
      "z": 0
    }
  },
  "prop_rear_left": {
    "position": {
      "x": -254.7776641845703,
      "y": -254.7776641845703,
      "z": -14.819981575012207
    },
    "rotation": {
      "x": 0,
      "y": 0,
      "z": 0
    }
  },
  "motor_rear_right": {
    "position": {
      "x": -254.7776641845703,
      "y": 254.7776641845703,
      "z": -14.850019454956055
    },
    "rotation": {
      "x": 0,
      "y": 0,
      "z": 0
    }
  },
  "prop_rear_right": {
    "position": {
      "x": -254.7776641845703,
      "y": 254.7776641845703,
      "z": -14.820019721984863
    },
    "rotation": {
      "x": 0,
      "y": 0,
      "z": 0
    }
  }
}